ulke_kodu;sehir;olcum;min;max
FI;Turku;pressure;1008;1019
FI;Turku;temperature;-18;-7,5
FI;Turku;humidity;81;91
FI;Turku;pm25;2;105
FI;Turku;wind-speed;0,7;3,8
FI;Oulu;temperature;-18,8;-12,9
FI;Oulu;pressure;1016,1;1025,9
FI;Oulu;humidity;36,7;76,7
FI;Helsinki;temperature;-16,8;-7
FI;Helsinki;humidity;73;97,2
FI;Helsinki;pm25;8;77
FI;Helsinki;pressure;975,4;1019,4
FI;Helsinki;wind-speed;1;3
FI;Tampere;pm25;10;92
FI;Tampere;wind-speed;0,7;3,3
FI;Tampere;pressure;1008,5;1019
FI;Tampere;temperature;-18;-13
FI;Tampere;humidity;84;87,5
CZ;Prague;pm25;7;166
CZ;Prague;temperature;-0,1;5,5
CZ;Prague;humidity;79,1;98,6
CZ;Prague;pressure;963,3;1015,8
CZ;Prague;wind-speed;0,5;6,2
CZ;Ostrava;pm25;5;169
CZ;Ostrava;pressure;857,3;1017,7
CZ;Ostrava;precipitation;99;99
CZ;Ostrava;wind-speed;0,2;17
CZ;Ostrava;temperature;-1,4;8
CZ;Ostrava;humidity;49,5;99
CZ;Brno;temperature;-1,1;6,1
CZ;Brno;wind-speed;0,5;4
CZ;Brno;pm25;5;152
CZ;Brno;pressure;979;1017
CZ;Brno;humidity;53,6;93,8
CZ;Pilsen;precipitation;5,6;5,6
CZ;Pilsen;pm25;7;164
CZ;Pilsen;pressure;854,6;1014
CZ;Pilsen;wind-speed;0,3;38,5
CZ;Pilsen;temperature;-1,7;5
CZ;Pilsen;humidity;80;346,3
CZ;Olomouc;wind-speed;1;5
CZ;Olomouc;temperature;-1,2;4,4
CZ;Olomouc;pm25;45;152
CZ;Olomouc;pressure;946,9;1016
CZ;Olomouc;humidity;77,9;99
IE;Dublin;temperature;4,8;8,6
IE;Dublin;pressure;966,4;993,8
IE;Dublin;wind-speed;0,1;9,3
IE;Dublin;humidity;72,3;93
LT;Kaunas;temperature;0;3
LT;Kaunas;humidity;77;93
LT;Kaunas;pm25;5;87
LT;Kaunas;pressure;1007;1014
LT;Kaunas;wind-speed;0,5;5,4
TW;Taitung City;wind-speed;0,1;4,2
TW;Taitung City;pm25;5;63
TW;Taitung City;pressure;1015,2;1022
TW;Taitung City;temperature;17,3;24,8
TW;Taitung City;humidity;52;100
TW;Taichung;temperature;15,6;28,3
TW;Taichung;pm25;9;153
TW;Taichung;pressure;1014;1019,9
TW;Taichung;wind-speed;0,1;9,6
TW;Taichung;humidity;29;99
TW;Taoyuan City;pm25;25;154
TW;Taoyuan City;pressure;1013,5;1023
TW;Taoyuan City;wind-speed;0,3;11,8
TW;Taoyuan City;temperature;14,2;22,5
TW;Taoyuan City;humidity;63;100
TW;Taipei;humidity;48;100
TW;Taipei;pm25;9;154
TW;Taipei;temperature;8,9;24
TW;Taipei;pressure;1013,5;1029
TW;Taipei;wind-speed;0,1;9,2
TW;Hsinchu;wind-speed;0,3;11,8
TW;Hsinchu;temperature;13,8;24,8
TW;Hsinchu;humidity;51;100
TW;Hsinchu;pm25;17;153
TW;Hsinchu;pressure;1013,5;1022,4
TW;Keelung;temperature;16,3;24,4
TW;Keelung;pressure;1016,6;1024,7
TW;Keelung;wind-speed;0,2;7,4
TW;Keelung;pm25;13;153
TW;Keelung;humidity;60;97
TW;Tainan;humidity;39;100
TW;Tainan;pressure;1015;1018,9
TW;Tainan;pm25;57;161
TW;Tainan;temperature;17;28,3
TW;Tainan;wind-speed;0,4;6,6
TW;Douliu;pressure;1015;1019,9
TW;Douliu;temperature;16,9;29,2
TW;Douliu;humidity;36;99
TW;Douliu;pm25;46;155
TW;Douliu;wind-speed;0,2;6,7
TW;Kaohsiung;pm25;17;240
TW;Kaohsiung;wind-speed;0,1;4,2
TW;Kaohsiung;temperature;18,2;29,3
TW;Kaohsiung;humidity;37;100
TW;Kaohsiung;pressure;1014;1018,2
ZA;Middelburg;pressure;846,1;849,4
ZA;Middelburg;precipitation;0,1;9,9
ZA;Middelburg;wind-speed;0,1;4,5
ZA;Middelburg;pm25;1;156
ZA;Middelburg;temperature;13,8;27,2
ZA;Middelburg;humidity;43;100
ZA;Pretoria;pm25;1;182
ZA;Pretoria;temperature;14,4;29,3
ZA;Pretoria;wind-speed;0;6,8
ZA;Pretoria;humidity;27,6;169,1
ZA;Pretoria;pressure;846,8;1022
ZA;Johannesburg;precipitation;0,1;0,2
ZA;Johannesburg;temperature;14,2;26,6
ZA;Johannesburg;humidity;5,7;98,5
ZA;Johannesburg;pressure;819,4;1022,7
ZA;Johannesburg;wind-speed;0,1;4,9
ZA;Johannesburg;pm25;13;153
ZA;Bloemfontein;pressure;1016;1020
ZA;Bloemfontein;temperature;13,8;25
ZA;Bloemfontein;wind-speed;1,5;6,1
ZA;Bloemfontein;humidity;41;72
ZA;Bloemfontein;pm25;10;163
ZA;Vereeniging;temperature;14,7;29,1
ZA;Vereeniging;pm25;5;155
ZA;Vereeniging;precipitation;0;99,2
ZA;Vereeniging;humidity;0,5;100
ZA;Vereeniging;pressure;840,9;857,8
ZA;Vereeniging;wind-speed;0,1;20,7
ZA;Durban;temperature;20;30,2
ZA;Durban;wind-speed;0,5;9,2
ZA;Durban;humidity;66,6;94
ZA;Durban;pressure;999,4;1014
ZA;Klerksdorp;wind-speed;1;5,6
ZA;Klerksdorp;humidity;43,6;100,5
ZA;Klerksdorp;pm25;5;78
ZA;Klerksdorp;temperature;15,7;27,4
ZA;Klerksdorp;pressure;864,2;869,7
ZA;Klerksdorp;precipitation;0,1;99,2
ZA;Port Elizabeth;pressure;1002,8;1012,2
ZA;Port Elizabeth;temperature;18,8;25,8
ZA;Port Elizabeth;precipitation;0,1;4,5
ZA;Port Elizabeth;wind-speed;0,7;9,7
ZA;Port Elizabeth;humidity;68,6;95,8
ZA;Port Elizabeth;pm25;14;63
ZA;Worcester;humidity;69,8;100,3
ZA;Worcester;pressure;985,3;992
ZA;Worcester;temperature;19,7;26,3
ZA;Worcester;precipitation;0,6;99,2
ZA;Worcester;wind-speed;0,6;2,7
ZA;Worcester;pm25;2;17
AT;Salzburg;temperature;1;8,3
AT;Salzburg;humidity;50,7;96,5
AT;Salzburg;pm25;19;53
AT;Salzburg;pressure;954,2;1015,5
AT;Salzburg;wind-speed;1;7
AT;Linz;wind-speed;0,1;5
AT;Linz;temperature;-1,3;3,2
AT;Linz;humidity;93,5;100
AT;Linz;pm25;28;151
AT;Linz;pressure;970,9;1016,2
AT;Innsbruck;wind-speed;1;9,5
AT;Innsbruck;pressure;938,9;1010,8
AT;Innsbruck;temperature;-3;9,8
AT;Innsbruck;humidity;55,2;96,5
AT;Vienna;pm25;32;93
AT;Vienna;pressure;982,9;1024,5
AT;Vienna;wind-speed;0,2;11,6
AT;Vienna;temperature;-1,6;6,2
AT;Vienna;humidity;79;100
AT;Graz;pm25;54;139
AT;Graz;pressure;965,3;1017,5
AT;Graz;wind-speed;0,5;3,9
AT;Graz;temperature;-6,1;9
AT;Graz;humidity;63;100
JO;Amman;temperature;7;15
JO;Amman;wind-speed;1;2,5
JO;Amman;pressure;1020;1023
JO;Amman;humidity;67;93
JO;Irbid;temperature;7;20,5
JO;Irbid;pressure;1019,5;1023
JO;Irbid;wind-speed;0,6;4,7
JO;Irbid;humidity;55;93
JO;Zarqa;wind-speed;1;2,5
JO;Zarqa;temperature;7;15
JO;Zarqa;humidity;67;93
JO;Zarqa;pressure;1020;1023
NP;Kathmandu;wind-speed;0,3;4,3
NP;Kathmandu;humidity;35,5;100
NP;Kathmandu;pm25;80;216
NP;Kathmandu;pressure;1019;1024
NP;Kathmandu;temperature;5,9;20,3
NP;Pokhara;pm25;54;88
NP;Pokhara;wind-speed;0,3;0,5
NP;Pokhara;temperature;10,9;20,3
NP;Pokhara;humidity;57,9;96,8
NP;Biratnagar;temperature;11,4;16,8
NP;Biratnagar;humidity;53;80
NP;Biratnagar;wind-speed;0,3;2,9
SE;Stockholm;pm25;5;33
SE;Stockholm;pressure;1010,5;1016,5
SE;Stockholm;wind-speed;2;4,6
SE;Stockholm;temperature;-3;-1
SE;Stockholm;humidity;74;92
SE;Göteborg;pm25;3;19
SE;Göteborg;humidity;80;93
SE;Göteborg;pressure;1003;1009
SE;Göteborg;wind-speed;3;9,2
SE;Göteborg;temperature;1;3
SE;Malmö;temperature;1,2;5,6
SE;Malmö;pressure;998,9;1006,6
SE;Malmö;humidity;88,7;95
SE;Malmö;pm25;23;57
SE;Uppsala;temperature;-6;-2
SE;Uppsala;pressure;1011,5;1018
SE;Uppsala;wind-speed;1,5;5,1
SE;Uppsala;humidity;85;100
SE;Uppsala;pm25;3;35
CH;Zürich;pm25;1;6
CH;Zürich;wind-speed;0,1;9,7
CH;Zürich;temperature;-2;8,2
CH;Zürich;humidity;60,1;100
CH;Zürich;pressure;1007,5;1019,6
CO;Bogotá;humidity;40;100
CO;Bogotá;wind-speed;0,1;7,2
CO;Bogotá;pm25;1;999
CO;Bogotá;pressure;562;1031
CO;Bogotá;precipitation;0,1;13,9
CO;Bogotá;temperature;10,8;24,7
CO;Medellín;pm25;30;82
CO;Medellín;pressure;1025;1030
CO;Medellín;temperature;12;24
CO;Medellín;humidity;47;100
CO;Medellín;wind-speed;1;6,1
NL;Utrecht;humidity;77,2;91,3
NL;Utrecht;pressure;1009,8;1020,1
NL;Utrecht;temperature;7,5;10
NL;Utrecht;pm25;2;68
NL;Utrecht;wind-speed;1,7;6,1
NL;Nijmegen;wind-speed;4,6;9,9
NL;Nijmegen;temperature;8;10
NL;Nijmegen;humidity;70;90
NL;Nijmegen;pm25;1;92
NL;Nijmegen;pressure;994;1005
NL;Haarlem;pressure;989,8;1002,6
NL;Haarlem;wind-speed;2;5,5
NL;Haarlem;temperature;7,4;9,9
NL;Haarlem;humidity;73;97
NL;Haarlem;pm25;1;124
NL;Eindhoven;pressure;995;1004,5
NL;Eindhoven;wind-speed;4,1;10,5
NL;Eindhoven;temperature;8;11
NL;Eindhoven;humidity;63,5;81
NL;Eindhoven;pm25;4;70
NL;Rotterdam;humidity;70;90,5
NL;Rotterdam;wind-speed;2,5;12
NL;Rotterdam;pm25;2;59
NL;Rotterdam;pressure;992;1003,9
NL;Rotterdam;temperature;7,5;10,4
NL;Amsterdam;humidity;70,9;97
NL;Amsterdam;wind-speed;1,7;20,3
NL;Amsterdam;temperature;7;10,5
NL;Amsterdam;pm25;1;154
NL;Amsterdam;pressure;983,5;1020,1
NL;Dordrecht;humidity;77,1;90,5
NL;Dordrecht;pm25;4;53
NL;Dordrecht;pressure;993,2;1003,3
NL;Dordrecht;temperature;7,7;9,8
NL;Dordrecht;wind-speed;6,6;14,5
NL;Breda;wind-speed;5,9;14,4
NL;Breda;temperature;7,7;10
NL;Breda;humidity;66;89,2
NL;Breda;pm25;1;55
NL;Breda;pressure;993,4;1004
NL;Groningen;temperature;7;9,5
NL;Groningen;humidity;76;93
NL;Groningen;pressure;993;1004,5
NL;Groningen;wind-speed;4,6;8,2
NL;Groningen;pm25;1;93
NL;Maastricht;temperature;7;10,6
NL;Maastricht;humidity;76,2;92
NL;Maastricht;pm25;5;102
NL;Maastricht;pressure;996;1007,7
NL;Maastricht;wind-speed;0,1;12,1
NL;The Hague;pm25;3;152
NL;The Hague;pressure;992,2;1002,2
NL;The Hague;temperature;7,7;10,5
NL;The Hague;wind-speed;7,5;16
NL;The Hague;humidity;79,5;91,1
KG;Bishkek;temperature;-10;3,5
KG;Bishkek;humidity;64;100
KG;Bishkek;pm25;2;168
KG;Bishkek;pressure;1024;1029
KG;Bishkek;wind-speed;0,5;4,6
MX;Guadalajara;humidity;23;86
MX;Guadalajara;wind-speed;1;5,6
MX;Guadalajara;temperature;4;23
MX;Guadalajara;pm25;18;156
MX;Guadalajara;pressure;1022;1026,7
MX;Cuernavaca;wind-speed;1;7,7
MX;Cuernavaca;humidity;26;93
MX;Cuernavaca;pm25;14;133
MX;Cuernavaca;temperature;1;21
MX;Cuernavaca;pressure;1025;1030,4
MX;Puebla;pm25;26;186
MX;Puebla;pressure;1024,3;1029,4
MX;Puebla;humidity;15;86
MX;Puebla;wind-speed;1;7,2
MX;Puebla;temperature;4;22
MX;Mexico City;humidity;15;86
MX;Mexico City;pressure;839,2;1029,4
MX;Mexico City;temperature;4;22,5
MX;Mexico City;pm25;8;156
MX;Mexico City;wind-speed;0,5;7,2
MX;Morelia;wind-speed;0,5;8,2
MX;Morelia;humidity;27;100
MX;Morelia;pm25;38;122
MX;Morelia;temperature;1;23
MX;Morelia;pressure;1021,7;1028,4
MX;Mérida;humidity;36;93
MX;Mérida;pressure;1019,6;1024,4
MX;Mérida;wind-speed;1;5,1
MX;Mérida;temperature;12;27
MX;San Luis Potosí;pressure;1023;1028,1
MX;San Luis Potosí;temperature;2;22
MX;San Luis Potosí;humidity;18;87
MX;San Luis Potosí;wind-speed;1,5;5,1
MX;Monterrey;pm25;17;688
MX;Monterrey;pressure;1014,8;1020,3
MX;Monterrey;temperature;7;24
MX;Monterrey;humidity;33;81
MX;Monterrey;wind-speed;0,2;4,6
MX;Tepic;pressure;913,8;916,6
MX;Tepic;wind-speed;2;3
MX;Tepic;temperature;11;26,4
MX;Tepic;humidity;42,2;85,8
MX;Toluca;pm25;57;174
MX;Toluca;pressure;1025;1032,1
MX;Toluca;wind-speed;0,7;7,7
MX;Toluca;temperature;-2;21
MX;Toluca;humidity;22;100
MX;Aguascalientes;pressure;1024;1028,7
MX;Aguascalientes;wind-speed;1;6,1
MX;Aguascalientes;temperature;2;21
MX;Aguascalientes;humidity;22;74
GB;Edinburgh;wind-speed;0,1;7,3
GB;Edinburgh;humidity;81;98
GB;Edinburgh;pm25;6;81
GB;Edinburgh;pressure;979;1006,6
GB;Edinburgh;temperature;1,5;6,5
GB;Norwich;humidity;78;93
GB;Norwich;pm25;13;23
GB;Norwich;wind-speed;5,4;10,5
GB;Norwich;pressure;985;991,5
GB;Norwich;temperature;6,5;11
GB;Liverpool;humidity;78,5;93
GB;Liverpool;wind-speed;4,1;20,8
GB;Liverpool;temperature;5;8,5
GB;Liverpool;pm25;9;34
GB;Liverpool;pressure;976,5;989,5
GB;Belfast;humidity;76;90
GB;Belfast;pm25;9;38
GB;Belfast;temperature;6,5;9
GB;Belfast;pressure;975;989,5
GB;Belfast;wind-speed;1,5;6,6
GB;Coventry;temperature;4,5;7,7
GB;Coventry;pressure;982,8;990,9
GB;Coventry;humidity;87,5;96
GB;Coventry;pm25;3;22
GB;Coventry;wind-speed;0,2;5,7
GB;Leeds;pressure;980,7;987
GB;Leeds;wind-speed;0,1;5,4
GB;Leeds;temperature;3,3;6,6
GB;Leeds;humidity;87,7;95,5
GB;Leeds;pm25;8;30
GB;Cardiff;humidity;83,5;98,7
GB;Cardiff;pm25;5;65
GB;Cardiff;wind-speed;0,4;15,4
GB;Cardiff;temperature;6,1;8,9
GB;Cardiff;pressure;982,7;995,8
GB;Bristol;pm25;5;50
GB;Bristol;pressure;983,5;996,1
GB;Bristol;wind-speed;1,2;14,5
GB;Bristol;temperature;5,3;8,3
GB;Bristol;humidity;79,2;93
GB;London;temperature;5,3;12,1
GB;London;humidity;16,1;99
GB;London;pm25;1;57
GB;London;pressure;983,9;1007,2
GB;London;wind-speed;0,1;10,6
GB;Birmingham;humidity;87,6;95
GB;Birmingham;pm25;9;19
GB;Birmingham;wind-speed;2;7,5
GB;Birmingham;pressure;983;991,4
GB;Birmingham;temperature;5;7
GB;Sheffield;pm25;8;34
GB;Sheffield;pressure;977,5;1091
GB;Sheffield;wind-speed;0,3;16,4
GB;Sheffield;temperature;4;9,5
GB;Sheffield;humidity;36,1;96
GB;Newport;humidity;83,5;93,7
GB;Newport;temperature;6,1;8,4
GB;Newport;pressure;983,3;995,8
GB;Newport;wind-speed;0,4;15,4
GB;Newport;pm25;7;42
GB;Leicester;temperature;4,4;7,7
GB;Leicester;pm25;4;20
GB;Leicester;wind-speed;7,5;14,7
GB;Leicester;humidity;85,2;91,2
GB;Leicester;pressure;982,5;989,8
GB;Manchester;temperature;5;10,7
GB;Manchester;pm25;7;70
GB;Manchester;wind-speed;0,6;9,6
GB;Manchester;humidity;74,6;96,5
GB;Manchester;pressure;979,8;989
GB;Reading;pm25;4;26
GB;Reading;wind-speed;1,5;7,5
GB;Reading;temperature;5,4;10,4
GB;Reading;humidity;79,5;96
GB;Reading;pressure;986,3;996,9
GB;Plymouth;wind-speed;1,6;17,2
GB;Plymouth;pm25;13;59
GB;Plymouth;pressure;988,4;1002,9
GB;Plymouth;temperature;7;9,8
GB;Plymouth;humidity;80,2;96
GB;Glasgow;pressure;979;991,6
GB;Glasgow;temperature;0,5;6,2
GB;Glasgow;wind-speed;0,1;6,1
GB;Glasgow;humidity;84;100
GB;Glasgow;pm25;10;79
GB;Preston;pressure;978,4;988,6
GB;Preston;pm25;7;34
GB;Preston;humidity;91,1;96,8
GB;Preston;wind-speed;0,3;9
GB;Preston;temperature;4,1;7,2
GB;Swansea;pm25;5;68
GB;Swansea;temperature;7,3;10
GB;Swansea;humidity;79,2;92
GB;Swansea;pressure;982,1;998,4
GB;Swansea;wind-speed;0,2;11,7
GB;Southend-on-Sea;pm25;10;46
GB;Southend-on-Sea;pressure;986,7;993,7
GB;Southend-on-Sea;wind-speed;15,2;27
GB;Southend-on-Sea;temperature;7,2;11,3
GB;Southend-on-Sea;humidity;77;86
HK;Hong Kong;wind-speed;0,1;10,3
HK;Hong Kong;temperature;16,1;28,4
HK;Hong Kong;pm25;21;202
HK;Hong Kong;pressure;1015;1019,3
HK;Hong Kong;humidity;54,5;92,6
ID;Jakarta;pressure;1007;1011
ID;Jakarta;wind-speed;0,5;7,7
ID;Jakarta;temperature;25;34,5
ID;Jakarta;humidity;56;94
ID;Jakarta;pm25;33;169
LK;Colombo;humidity;59;94
LK;Colombo;pm25;42;93
LK;Colombo;pressure;1008;1013
LK;Colombo;wind-speed;0,5;7,2
LK;Colombo;temperature;25;32
RO;Ploieşti;humidity;44,7;100
RO;Ploieşti;wind-speed;0,7;2,3
RO;Ploieşti;temperature;-3;13,6
RO;Ploieşti;pressure;966,5;1019
RO;Craiova;pressure;1017,6;1021,2
RO;Craiova;temperature;1,1;13,8
RO;Craiova;humidity;60;92
RO;Bacău;temperature;-2;13,9
RO;Bacău;humidity;40;96,4
RO;Bacău;pressure;996;999,7
RO;Bacău;wind-speed;1;3
RO;Râmnicu Vâlcea;pressure;953,5;1020
RO;Râmnicu Vâlcea;wind-speed;1;4
RO;Râmnicu Vâlcea;temperature;-2;14,3
RO;Râmnicu Vâlcea;humidity;41,5;100
RO;Sibiu;temperature;-3;11,2
RO;Sibiu;humidity;47,4;95,7
RO;Sibiu;precipitation;99,1;99,1
RO;Sibiu;wind-speed;0,7;3
RO;Sibiu;pressure;962,3;1020
RO;Timişoara;temperature;-1;11,8
RO;Timişoara;pressure;1004,4;1020
RO;Timişoara;humidity;65,7;100
RO;Timişoara;wind-speed;1;3,6
RO;Piteşti;temperature;0,4;12,8
RO;Piteşti;humidity;48,6;99
RO;Piteşti;pressure;964,9;1020,3
RO;Piteşti;wind-speed;1;5
RO;Arad;wind-speed;2;6
RO;Arad;temperature;1,4;13
RO;Arad;humidity;56;100
RO;Arad;pressure;1000,7;1021
RO;Bucharest;pm25;80;141
RO;Bucharest;wind-speed;0,2;7,6
RO;Bucharest;temperature;-1;18,2
RO;Bucharest;pressure;1006,9;1025,7
RO;Bucharest;humidity;48,5;100
RO;Baia Mare;wind-speed;0,2;4
RO;Baia Mare;temperature;1;9,8
RO;Baia Mare;pressure;992,9;1020
RO;Baia Mare;humidity;67,7;100
RO;Galaţi;pressure;1009,3;1017,9
RO;Galaţi;temperature;-1,9;10,8
RO;Galaţi;humidity;62,4;100
RO;Galaţi;wind-speed;0,5;4
RO;Braşov;temperature;-4;7,7
RO;Braşov;humidity;11;97,8
RO;Braşov;pressure;953,3;958,5
RO;Braşov;wind-speed;1;3
RO;Iaşi;pressure;1008,5;1018
RO;Iaşi;wind-speed;1;4,1
RO;Iaşi;temperature;-1,7;9,8
RO;Iaşi;humidity;59,6;100
RO;Constanţa;humidity;54;96,5
RO;Constanţa;temperature;3;13
RO;Constanţa;pressure;1016,7;1021
RO;Constanţa;wind-speed;0,7;4,6
RO;Brăila;humidity;61,2;97,2
RO;Brăila;pressure;1016,7;1020,4
RO;Brăila;wind-speed;1;3
RO;Brăila;temperature;-3;11,2
RU;Krasnoyarsk;pm25;1;47
RU;Krasnoyarsk;temperature;-4,4;0,9
RU;Krasnoyarsk;humidity;48,3;80,3
RU;Krasnoyarsk;pressure;1004;1013
RU;Krasnoyarsk;wind-speed;2,5;6,6
RU;Moscow;humidity;48,8;100
RU;Moscow;temperature;-11;2,7
RU;Moscow;pm25;5;50
RU;Moscow;pressure;973,2;1005,5
RU;Moscow;wind-speed;0,3;9,7
CI;Abidjan;wind-speed;0,5;4,3
CI;Abidjan;temperature;25,5;32,5
CI;Abidjan;humidity;60,5;91
CI;Abidjan;pressure;1009;1012,5
TR;Eskişehir;temperature;-2;9
TR;Eskişehir;pm25;87;151
TR;Eskişehir;pressure;1021;1023
TR;Eskişehir;wind-speed;0,5;3,6
TR;Eskişehir;humidity;81;100
TR;İzmit;temperature;5;17
TR;İzmit;humidity;51;93
TR;İzmit;wind-speed;0,5;2
TR;İzmit;pm25;115;151
TR;İzmit;pressure;1020;1022
TR;Bursa;pressure;1008;1022
TR;Bursa;wind-speed;0,5;2
TR;Bursa;temperature;3;17
TR;Bursa;humidity;53,9;100
TR;Bursa;pm25;78;160
TR;Ankara;pressure;917,8;1024
TR;Ankara;wind-speed;0,2;2
TR;Ankara;humidity;66;100
TR;Ankara;pm25;100;339
TR;Ankara;temperature;-1;13
TR;Adana;pm25;111;147
TR;Adana;wind-speed;0,5;4,3
TR;Adana;temperature;8;18
TR;Adana;humidity;45;93
TR;Adana;pressure;1019;1022
TR;Kayseri;temperature;-4;11
TR;Kayseri;pm25;164;168
TR;Kayseri;humidity;40;89
TR;Kayseri;pressure;1021;1023
TR;Kayseri;wind-speed;0,2;2
TR;Kütahya;temperature;3,2;11,1
TR;Kütahya;humidity;59,1;92,5
TR;Kütahya;pressure;908,8;910,6
TR;Kütahya;wind-speed;0,5;1
TR;Kütahya;pm25;134;143
TR;Balıkesir;humidity;63;100
TR;Balıkesir;pm25;149;156
TR;Balıkesir;temperature;6;16
TR;Balıkesir;pressure;1020;1022
TR;Balıkesir;wind-speed;0,5;1,5
TR;Adapazarı;pm25;110;125
TR;Adapazarı;temperature;5;15,9
TR;Adapazarı;humidity;51,8;93
TR;Adapazarı;pressure;1016,1;1022
TR;Adapazarı;wind-speed;0,5;2,5
TR;Trabzon;temperature;7,5;13
TR;Trabzon;humidity;46;68,5
TR;Trabzon;pressure;1021;1022,5
TR;Trabzon;wind-speed;0,5;3,3
TR;Trabzon;pm25;66;83
TR;Samsun;pm25;49;106
TR;Samsun;temperature;1;15,5
TR;Samsun;humidity;48,3;93
TR;Samsun;pressure;1020;1023
TR;Samsun;wind-speed;0,5;4,1
TR;İzmir;humidity;55;100
TR;İzmir;pm25;83;114
TR;İzmir;temperature;9;18,2
TR;İzmir;pressure;1016,6;1021
TR;İzmir;wind-speed;0,2;2,5
TR;Konya;pressure;1021;1023
TR;Konya;wind-speed;0,5;3
TR;Konya;temperature;-1;11
TR;Konya;humidity;53;92
TR;Konya;pm25;188;194
TR;Sivas;temperature;-4;6
TR;Sivas;humidity;52;92
TR;Sivas;pressure;1021;1023
TR;Sivas;wind-speed;0,5;3
TR;Sivas;pm25;77;108
TR;Istanbul;pm25;78;153
TR;Istanbul;wind-speed;0,2;3,6
TR;Istanbul;humidity;55;96,5
TR;Istanbul;pressure;1020;1022
TR;Istanbul;temperature;10,5;17
TR;Denizli;pressure;970,3;972,6
TR;Denizli;wind-speed;0,5;0,5
TR;Denizli;temperature;9,4;15
TR;Denizli;humidity;60,9;81,6
TR;Erzurum;pm25;147;156
TR;Erzurum;pressure;815,5;817,6
TR;Erzurum;wind-speed;0,5;0,5
TR;Erzurum;temperature;-7,5;3,2
TR;Erzurum;humidity;47,2;84,2
DE;Stuttgart;wind-speed;0,2;7,6
DE;Stuttgart;pm25;19;46
DE;Stuttgart;humidity;54;97
DE;Stuttgart;pressure;1004,5;1016,8
DE;Stuttgart;temperature;1;10,6
DE;Münster;pressure;996;1007
DE;Münster;wind-speed;3;7,2
DE;Münster;temperature;7;11
DE;Münster;humidity;66;87
DE;Münster;pm25;7;30
DE;Köln;pressure;997,1;1008,2
DE;Köln;humidity;65;88,5
DE;Köln;pm25;3;54
DE;Köln;wind-speed;0,7;11,3
DE;Köln;temperature;7,2;10,5
DE;Kassel;humidity;70;87
DE;Kassel;pm25;11;40
DE;Kassel;temperature;6;9,5
DE;Kassel;pressure;999;1010
DE;Kassel;wind-speed;2,5;7,9
DE;Karlsruhe;pm25;5;34
DE;Karlsruhe;pressure;1003,8;1012,3
DE;Karlsruhe;humidity;79,3;96
DE;Karlsruhe;wind-speed;0,6;5,7
DE;Karlsruhe;temperature;2,7;8,3
DE;Mainz;temperature;5;9
DE;Mainz;humidity;76;93
DE;Mainz;pm25;5;50
DE;Mainz;pressure;1002,8;1011,1
DE;Mainz;wind-speed;1,5;4,6
DE;Dresden;pm25;9;169
DE;Dresden;humidity;65;87,7
DE;Dresden;pressure;988,4;1014
DE;Dresden;wind-speed;3;7,7
DE;Dresden;temperature;2;8
DE;Munich;humidity;54,2;89,8
DE;Munich;pm25;7;82
DE;Munich;pressure;1004,7;1014,1
DE;Munich;temperature;-0,9;9,7
DE;Munich;wind-speed;0,2;7,5
DE;Berlin;temperature;1,8;8,7
DE;Berlin;pressure;952,2;1013,5
DE;Berlin;wind-speed;0,1;12,5
DE;Berlin;humidity;70;99
DE;Berlin;pm25;5;164
DE;Düsseldorf;temperature;8;10,5
DE;Düsseldorf;pm25;4;32
DE;Düsseldorf;pressure;997,5;1006,5
DE;Düsseldorf;wind-speed;4,6;10,2
DE;Düsseldorf;humidity;66;84
DE;Freiburg;wind-speed;0,2;9,7
DE;Freiburg;temperature;4,4;13,3
DE;Freiburg;humidity;48;87,7
DE;Freiburg;pm25;5;59
DE;Freiburg;pressure;1004,6;1011,8
DE;Wiesbaden;pressure;1002,8;1016,8
DE;Wiesbaden;temperature;2,7;9
DE;Wiesbaden;wind-speed;0,5;6
DE;Wiesbaden;humidity;76;93
DE;Wiesbaden;pm25;5;74
DE;Hannover;temperature;7,2;10,5
DE;Hannover;pressure;997,8;1008,8
DE;Hannover;wind-speed;0,5;3,5
DE;Hannover;humidity;75;87,8
DE;Augsburg;humidity;65;100
DE;Augsburg;pressure;1005,5;1014
DE;Augsburg;wind-speed;0,5;5,9
DE;Augsburg;temperature;-2;8
DE;Augsburg;pm25;12;318
DE;Darmstadt;humidity;72,5;99
DE;Darmstadt;pm25;6;35
DE;Darmstadt;temperature;3;9,3
DE;Darmstadt;pressure;1003;1012,9
DE;Darmstadt;wind-speed;0,1;8,2
DE;Potsdam;temperature;4,2;8,8
DE;Potsdam;humidity;70;86,1
DE;Potsdam;pm25;17;119
DE;Potsdam;pressure;996,8;1012,1
DE;Potsdam;wind-speed;0,1;1,2
DE;Hamburg;pm25;21;38
DE;Hamburg;wind-speed;1,8;7,2
DE;Hamburg;temperature;5;8,5
DE;Hamburg;humidity;78;93
DE;Hamburg;pressure;997;1008
DK;Copenhagen;temperature;3,3;5,5
DK;Copenhagen;pressure;1002,8;1011,1
DK;Copenhagen;humidity;90,7;95
GR;Thessaloníki;humidity;64;88,2
GR;Thessaloníki;pressure;1019,9;1024
GR;Thessaloníki;wind-speed;0,1;1,8
GR;Thessaloníki;temperature;7,2;15,4
GR;Thessaloníki;pm25;46;168
GR;Athens;temperature;3,7;18,2
GR;Athens;pressure;994,3;1022,3
GR;Athens;humidity;43,8;98
GR;Athens;pm25;30;205
GR;Athens;wind-speed;0,1;3,2
SK;Košice;temperature;1;4,4
SK;Košice;humidity;96;100
SK;Košice;wind-speed;0,7;3
SK;Košice;pm25;50;139
SK;Košice;pressure;984,2;1018
SK;Bratislava;pm25;17;156
SK;Bratislava;pressure;1007,4;1018
SK;Bratislava;humidity;88,5;100
SK;Bratislava;temperature;0;7
SK;Bratislava;wind-speed;1;4,1
BA;Sarajevo;humidity;55,4;100
BA;Sarajevo;wind-speed;0,2;3
BA;Sarajevo;temperature;-1;11,2
BA;Sarajevo;pm25;55;338
BA;Sarajevo;pressure;940,6;1021
BA;Zenica;pm25;38;210
BA;Zenica;pressure;975,4;1020,5
BA;Zenica;temperature;-1;6,7
BA;Zenica;wind-speed;0,2;3
BA;Zenica;humidity;87;100
BA;Tuzla;humidity;43;100
BA;Tuzla;pressure;979,5;1020,5
BA;Tuzla;wind-speed;0,5;4
BA;Tuzla;temperature;-3;16,1
BA;Tuzla;pm25;37;209
BD;Dhaka;pm25;215;260
BD;Dhaka;pressure;1014;1019
BD;Dhaka;wind-speed;1;3,3
BD;Dhaka;temperature;17;23
BD;Dhaka;humidity;68;93
IR;Isfahan;wind-speed;0,5;3
IR;Isfahan;pm25;59;152
IR;Isfahan;humidity;30;80
IR;Isfahan;temperature;-2,5;15,5
IR;Isfahan;pressure;1021;1025
IR;Arāk;temperature;-0,5;13,6
IR;Arāk;pm25;87;105
IR;Arāk;humidity;36;79,5
IR;Arāk;pressure;831,3;1024
IR;Arāk;wind-speed;1;4,1
IR;Karaj;temperature;-1;13
IR;Karaj;humidity;30;80
IR;Karaj;wind-speed;1;3
IR;Karaj;pm25;104;154
IR;Karaj;pressure;1018;1024
IR;Qom;wind-speed;1;4,1
IR;Qom;pm25;66;80
IR;Qom;temperature;0;15
IR;Qom;humidity;26;59
IR;Qom;pressure;1019;1024
IR;Orūmīyeh;humidity;39;79
IR;Orūmīyeh;pm25;42;52
IR;Orūmīyeh;temperature;-4;9
IR;Orūmīyeh;pressure;1019;1023
IR;Orūmīyeh;wind-speed;1;3
IR;Yazd;humidity;29;46
IR;Yazd;wind-speed;0,5;2
IR;Yazd;temperature;8;17
IR;Yazd;pressure;1020;1025
IR;Īlām;temperature;5;16
IR;Īlām;humidity;51;93
IR;Īlām;pressure;1022;1024
IR;Īlām;wind-speed;1;3
IR;Kerman;temperature;4;16,5
IR;Kerman;humidity;32;66
IR;Kerman;pressure;1020;1025
IR;Kerman;wind-speed;2;7,2
IR;Kerman;pm25;88;106
IR;Khorramshahr;pressure;1019;1021
IR;Khorramshahr;wind-speed;1;6,1
IR;Khorramshahr;temperature;14;23
IR;Khorramshahr;humidity;33;76
IR;Khorramshahr;pm25;113;143
IR;Tabriz;humidity;43,5;77
IR;Tabriz;pressure;1020,5;1024
IR;Tabriz;wind-speed;0,5;4,1
IR;Tabriz;pm25;79;132
IR;Tabriz;temperature;-2;8
IR;Sanandaj;humidity;35;92
IR;Sanandaj;pm25;44;47
IR;Sanandaj;temperature;-3;14
IR;Sanandaj;pressure;1020;1025
IR;Sanandaj;wind-speed;1;2
IR;Kermanshah;temperature;5;8
IR;Kermanshah;pressure;1022;1025
IR;Kermanshah;humidity;87;100
IR;Kermanshah;wind-speed;1,3;4,1
IR;Kermanshah;pm25;89;101
IR;Khorramabad;temperature;3;16
IR;Khorramabad;humidity;44;100
IR;Khorramabad;pm25;56;61
IR;Khorramabad;pressure;1020;1024
IR;Khorramabad;wind-speed;1;3
IR;Shiraz;pm25;54;57
IR;Shiraz;temperature;6;16,5
IR;Shiraz;pressure;1020;1023
IR;Shiraz;wind-speed;1;4,1
IR;Shiraz;humidity;43;81
IR;Zanjān;temperature;1;12
IR;Zanjān;humidity;43;80
IR;Zanjān;pressure;1019;1022
IR;Zanjān;wind-speed;1;6,1
IR;Zanjān;pm25;76;99
IR;Mashhad;temperature;-0,5;15,5
IR;Mashhad;pressure;1018;1024
IR;Mashhad;wind-speed;1;3,7
IR;Mashhad;pm25;77;154
IR;Mashhad;humidity;34;77
IR;Tehran;pm25;14;166
IR;Tehran;humidity;30;54
IR;Tehran;wind-speed;1;3
IR;Tehran;temperature;5;13
IR;Tehran;pressure;1020;1024
PH;Butuan;wind-speed;1;4
PH;Butuan;precipitation;0,3;99,6
PH;Butuan;humidity;68,2;95,3
PH;Butuan;temperature;24,8;32,1
PH;Zamboanga;wind-speed;0,5;4,6
PH;Zamboanga;temperature;24;33
PH;Zamboanga;humidity;62;100
PH;Zamboanga;pressure;1009;1012
XK;Pristina;humidity;70,6;88
XK;Pristina;pm25;117;260
XK;Pristina;pressure;1019;1022,6
XK;Pristina;wind-speed;0,1;2
XK;Pristina;temperature;1;8,9
CY;Nicosia;pm25;67;187
CY;Nicosia;pressure;1019;1021,5
CY;Nicosia;humidity;53,5;93
CY;Nicosia;wind-speed;0,7;2,3
CY;Nicosia;temperature;9;19,5
CY;Limassol;humidity;59;87
CY;Limassol;pm25;51;174
CY;Limassol;temperature;11;19
CY;Limassol;pressure;1019;1021
CY;Limassol;wind-speed;0,7;2,5
MY;Kuantan;wind-speed;0,5;6,1
MY;Kuantan;temperature;25;30
MY;Kuantan;humidity;70;100
MY;Kuantan;pressure;1009;1013
MY;Miri;humidity;74;100
MY;Miri;pressure;1008;1012
MY;Miri;wind-speed;0,5;5,1
MY;Miri;temperature;26;31
MY;George Town;humidity;66;94
MY;George Town;pressure;1007;1012,5
MY;George Town;wind-speed;0,5;4,6
MY;George Town;temperature;26;32
MY;Klang;temperature;24,4;31,7
MY;Klang;humidity;70;100
MY;Klang;pressure;1007,6;1013
MY;Klang;wind-speed;0,2;4,2
MY;Malacca;temperature;24,4;31,3
MY;Malacca;humidity;70;99
MY;Malacca;pressure;1007,7;1013
MY;Malacca;wind-speed;0,3;5,1
MY;Taiping;wind-speed;0,5;4,6
MY;Taiping;temperature;25;32
MY;Taiping;humidity;66;94
MY;Taiping;pressure;1007;1012,5
MY;Alor Setar;temperature;25;34
MY;Alor Setar;humidity;52;94
MY;Alor Setar;pressure;1007;1013
MY;Alor Setar;wind-speed;0,5;4,1
MY;Kota Bharu;temperature;26;30
MY;Kota Bharu;humidity;74;88
MY;Kota Bharu;pressure;1010;1014
MY;Kota Bharu;wind-speed;1;5,1
MY;Kuching;wind-speed;0,5;2,8
MY;Kuching;temperature;25;28,5
MY;Kuching;humidity;81;100
MY;Kuching;pressure;1008,5;1013
MY;Seremban;pressure;1008;1012
MY;Seremban;wind-speed;0,2;3
MY;Seremban;temperature;25;32
MY;Seremban;humidity;66;100
MY;Ipoh;wind-speed;1;4,1
MY;Ipoh;temperature;25;33
MY;Ipoh;humidity;62;100
MY;Ipoh;pressure;1007;1013
MY;Johor Bahru;temperature;25;29
MY;Johor Bahru;humidity;79;100
MY;Johor Bahru;pressure;1009;1012
MY;Johor Bahru;wind-speed;0,5;5,1
MY;Kuala Lumpur;temperature;24,4;32
MY;Kuala Lumpur;humidity;66;100
MY;Kuala Lumpur;pressure;1007,6;1013
MY;Kuala Lumpur;wind-speed;0,2;4,2
PL;Gdańsk;temperature;1;3
PL;Gdańsk;pm25;18;72
PL;Gdańsk;wind-speed;1,2;6,4
PL;Gdańsk;humidity;86;100
PL;Gdańsk;pressure;1007,5;1013
KZ;Nur-Sultan;wind-speed;3,6;12,3
KZ;Nur-Sultan;temperature;-4;0
KZ;Nur-Sultan;humidity;79;100
KZ;Nur-Sultan;pressure;1006,5;1018
KZ;Almaty;pressure;1024,3;1029
KZ;Almaty;wind-speed;0,2;4,6
KZ;Almaty;humidity;77;92
KZ;Almaty;pm25;9;208
KZ;Almaty;temperature;-6;0,5
BR;São José dos Campos;temperature;18;24
BR;São José dos Campos;humidity;60;88
BR;São José dos Campos;pm25;5;70
BR;São José dos Campos;pressure;1017;1019
BR;São José dos Campos;wind-speed;2,5;5,6
BR;Vitória;temperature;22,7;27
BR;Vitória;wind-speed;4,6;16,8
BR;Vitória;humidity;69;94,5
BR;Vitória;pressure;997,8;1015
BR;São Paulo;wind-speed;0,5;11
BR;São Paulo;temperature;17,7;26,6
BR;São Paulo;pm25;5;97
BR;São Paulo;humidity;52,9;88
BR;São Paulo;pressure;1017;1024,2
CA;Hamilton;temperature;0;2,2
CA;Hamilton;humidity;78,7;95
CA;Hamilton;pm25;17;55
CA;Hamilton;pressure;1012;1016,4
CA;Hamilton;wind-speed;0,1;5,2
CA;Calgary;temperature;-2;9,8
CA;Calgary;pm25;2;82
CA;Calgary;pressure;1007,5;1016
CA;Calgary;humidity;39,4;86
CA;Calgary;wind-speed;0,3;2,8
CA;Winnipeg;humidity;73;100
CA;Winnipeg;pm25;8;30
CA;Winnipeg;pressure;1021,6;1028,8
CA;Winnipeg;temperature;-16;-7
CA;Winnipeg;wind-speed;0,5;5,9
CA;Halifax;temperature;-1,6;1,1
CA;Halifax;pm25;2;24
CA;Halifax;pressure;995,4;1012,9
CA;Halifax;wind-speed;0,1;2,8
CA;Halifax;humidity;78,6;99
CA;Kitchener;temperature;-1;1,1
CA;Kitchener;humidity;80;100
CA;Kitchener;pm25;25;55
CA;Kitchener;pressure;1010,8;1014,8
CA;Kitchener;wind-speed;0,1;4,3
CA;Edmonton;humidity;62,2;94,9
CA;Edmonton;temperature;-6,1;5,4
CA;Edmonton;pm25;10;316
CA;Edmonton;pressure;934,6;1016,6
CA;Edmonton;wind-speed;0,1;2,6
CA;Surrey;wind-speed;0,1;2,8
CA;Surrey;pressure;1014,4;1026,2
CA;Surrey;temperature;5,1;10,1
CA;Surrey;humidity;76,1;99
CA;Surrey;pm25;3;59
CA;Mississauga;humidity;79,2;96,8
CA;Mississauga;pm25;13;38
CA;Mississauga;pressure;1012,6;1022
CA;Mississauga;wind-speed;0,2;5,1
CA;Mississauga;temperature;-2,3;2,2
CA;Québec;pm25;5;55
CA;Québec;pressure;1006;1017,7
CA;Québec;humidity;77,4;92,5
CA;Québec;wind-speed;0,1;8
CA;Québec;temperature;-9,4;-2,1
CA;Vancouver;temperature;4,4;10,8
CA;Vancouver;pm25;4;62
CA;Vancouver;pressure;1017,3;1022,8
CA;Vancouver;humidity;84,1;99
CA;Vancouver;wind-speed;0,1;4,1
CA;Victoria;wind-speed;0,2;4
CA;Victoria;temperature;4,4;9,4
CA;Victoria;humidity;84;96
CA;Victoria;pm25;5;82
CA;Victoria;pressure;1017,8;1023,5
CA;Montréal;humidity;62;88
CA;Montréal;pm25;3;55
CA;Montréal;wind-speed;0,3;6,8
CA;Montréal;temperature;-6,1;-3,1
CA;Montréal;pressure;1006,2;1019,1
CA;Toronto;temperature;-2,7;2,6
CA;Toronto;pm25;13;50
CA;Toronto;pressure;1010,7;1017,3
CA;Toronto;wind-speed;0,1;3
CA;Toronto;humidity;76,3;93
CA;Ottawa;pm25;5;50
CA;Ottawa;pressure;1010,7;1017,1
CA;Ottawa;wind-speed;0,3;2,1
CA;Ottawa;temperature;-5,5;-3,8
CA;Ottawa;humidity;73,6;78
CA;London;pressure;978,8;1013,8
CA;London;wind-speed;1;4,1
CA;London;temperature;0;1,1
CA;London;humidity;74;100
CA;London;pm25;21;53
EC;Quito;pm25;1;165
EC;Quito;temperature;10,1;22,7
EC;Quito;pressure;1025;1031
EC;Quito;precipitation;0,1;4,6
EC;Quito;wind-speed;0,1;3,5
EC;Quito;humidity;49;100
MK;Skopje;humidity;64,9;100
MK;Skopje;pm25;114;205
MK;Skopje;pressure;982,9;1022
MK;Skopje;wind-speed;0,2;3
MK;Skopje;temperature;-2;10,1
SV;San Salvador;pressure;1013,1;1016,9
SV;San Salvador;wind-speed;0,1;3
SV;San Salvador;temperature;-7,2;27,2
SV;San Salvador;humidity;58;96,7
SV;San Salvador;pm25;25;57
BG;Sofia;humidity;39,3;100
BG;Sofia;temperature;0,5;14,9
BG;Sofia;pressure;1018;1024,4
BG;Sofia;wind-speed;0,2;2,3
BG;Burgas;temperature;4;12,5
BG;Burgas;wind-speed;1,8;4,6
BG;Burgas;humidity;66,5;93
BG;Burgas;pressure;1019;1021,5
BG;Plovdiv;temperature;3,5;11
BG;Plovdiv;humidity;62;96,5
BG;Plovdiv;pressure;1019;1021,5
BG;Plovdiv;wind-speed;0,2;2,5
BH;Manama;humidity;70,8;88,8
BH;Manama;pm25;93;114
BH;Manama;pressure;1018,6;1022,4
BH;Manama;wind-speed;0,6;4
BH;Manama;temperature;20,3;24
